Data/Hora,Tema de Afiliados,Conteúdo do Artigo,Status
2026-07-27 19:44:19,O guia definitivo para escalar suas vendas como afiliado digital,"**""Aumente Sua Renda Online: O Guia Definitivo para Escalar suas Vendas como Afiliado Digital com Estratégias Comprovadas e Resultados Garantidos""**

Você já se sentiu frustrado por não conseguir alcançar seus objetivos de vendas online? Você investiu tempo e esforço em criar seu negócio de afiliação digital, mas os resultados não são os que você esperava? É hora de mudar isso! Neste artigo, vamos desvendar os segredos para escalar suas vendas como afiliado digital e alcançar o sucesso que você merece. Vamos quebrar as objeções e mostrar que, com as estratégias certas, você pode aumentar sua renda online de forma consistente e sustentável.

### **Entenda o Mercado e seu Público-Alvo**

Antes de começar a vender, é fundamental entender o mercado e o seu público-alvo. Isso inclui:
- **Pesquisar o nicho**: Escolha um nicho com demanda alta e concorrência baixa.
- **Conhecer seu público**: Entenda as necessidades, desejos e comportamentos do seu público-alvo.
- **Criar personas**: Desenvolva perfis detalhados dos seus clientes ideais para direcionar suas estratégias de marketing de forma eficaz.

### **Desenvolva um Site ou Blog de Alta Converção**

Um site ou blog bem estruturado é essencial para qualquer negócio de afiliação digital. Aqui estão algumas dicas:
- **Escolha uma plataforma**: Opte por plataformas como WordPress ou Wix para criar seu site.
- **Otimização para SEO**: Certifique-se de que seu site esteja otimizado para os motores de busca, com palavras-chave relevantes e conteúdo de qualidade.
- **Design atraente**: Invista em um design atraente e responsivo para melhorar a experiência do usuário.

### **Crie Conteúdo de Valor e Relevância**

O conteúdo é Rei no mundo digital. Para atrair e reter uma audiência leal, você precisa criar conteúdo que ofereça valor real. Considere:
- **Blog posts informativos**: Escreva artigos que educam e ajudam o seu público-alvo a resolver problemas.
- **Vídeos e podcasts**: Diversifique seu conteúdo com vídeos e podcasts para atingir diferentes preferências de aprendizado.
- **E-books e cursos**: Ofereça recursos mais aprofundados para aqueles que desejam se aprofundar em um tema específico.

### **Estratégias de Marketing e Tráfego**

Para escalar suas vendas, você precisa de tráfego de qualidade. Aqui estão algumas estratégias:
- **SEO**: Mantenha seu site otimizado para os motores de busca para tráfego orgânico.
- **Marketing de Influência**: Colabore com influencers do seu nicho para alcançar novos públicos.
- **E-mail Marketing**: Construa uma lista de e-mails e envie newsletters regulares com ofertas exclusivas e dicas valiosas.

### **Aumente Sua Renda com Estratégias de Conversão**

Por fim, para aumentar sua renda online, você precisa otimizar suas estratégias de conversão. Considere:
- **Otimização de Landing Pages**: Ajuste suas páginas de destino para maximizar as taxas de conversão.
- **Testes A/B**: Realize testes para entender o que funciona melhor com o seu público.
- **Ofertas Especiais**: Crie promoções limitadas para incentivar as compras.

**Pronto para Escalar suas Vendas?**

Você agora tem as ferramentas necessárias para começar a escalar suas vendas como afiliado digital. Lembre-se, o sucesso vem com a ação. Não perca mais tempo e [clique aqui](LINK_DE_AFFILIADO) para acessar nosso programa de treinamento exclusivo, projetado para ajudá-lo a dominar o marketing de afiliados e aumentar sua renda online de forma sustentável. Inscreva-se agora e comece a construir o negócio de seus sonhos!",Pronto para o Blog
2026-07-27 19:53:48,"SUBNICHO: Produtos de Bem-Estar e Saúde Natural
NOME_BLOG: VerdeVital
TEMA_ARTIGO: ""Os 10 Melhores Suplementos Naturais para Perda de Peso Rápida e Segura na Amazon Brasil e Mercado Livre""","**Título:** ""Perca Peso de Forma Rápida e Segura: Os 10 Melhores Suplementos Naturais Disponíveis na Amazon Brasil e Mercado Livre para um Corpo Saudável e Vital""

**Introdução:**
Você está cansado de tentar dietas e exercícios sem ver os resultados desejados? A perda de peso pode ser um desafio difficile, especialmente quando não se tem a combinação certa de nutrição e suporte. É aqui que os suplementos naturais podem fazer a diferença, ajudando a impulsionar sua jornada para um corpo mais saudável e vital. Com a vasta oferta de produtos disponíveis na Amazon Brasil e no Mercado Livre, pode ser difícil escolher os melhores suplementos para atingir seus objetivos de perda de peso de forma rápida e segura. Neste artigo, vamos explorar os 10 melhores suplementos naturais para perda de peso, ajudando você a tomar decisões informadas e alcançar seu peso ideal.

**Corpo do Artigo:**

### 1. **Suplementos de Chá Verde**
Os suplementos de chá verde são conhecidos por suas propriedades antioxidantes e metabolismo acelerado, ajudando na queima de gordura. Na Amazon Brasil e no Mercado Livre, você pode encontrar uma variedade de marcas que oferecem chá verde em capsulas ou pó, tornando fácil incorporá-lo em sua rotina diária.

### 2. **Probióticos**
Os probióticos são essenciais para uma flora intestinal saudável, o que é crucial para a perda de peso. Produtos que contenham probióticos podem ajudar a regular o apetite e melhorar a absorção de nutrientes. Busque por suplementos probióticos de alta qualidade em lojas online para dar um boost à sua saúde intestinal.

### 3. **Extracto de Garcinia Cambogia**
O extracto de Garcinia Cambogia é um popular suplemento natural que pode ajudar a inibir a formação de gordura e suprimir o apetite. Encontrado facilmente na Amazon e no Mercado Livre, é importante escolher marcas confiáveis que forneçam a dosagem certa para maximizar os benefícios.

### 4. **Conjugado de Linhaça (CLA)**
O CLA é um ácido graxo que pode ajudar na redução da gordura corporal. Disponível em forma de capsulas ou óleo, o CLA é uma ótima opção para quem busca um suplemento natural para apoiar sua jornada de perda de peso.

### 5. **Vitaminas e Minerais**
Vitaminas como a B12 e minerais como o cromo são essenciais para o metabolismo e podem ajudar no controle do apetite. Certifique-se de que seus suplementos sejam de alta qualidade e contenham a quantidade adequada de nutrientes para apoiar sua saúde e perda de peso.

### 6. **Glutamina**
A glutamina é um aminoácido que pode ajudar na recuperação muscular e na redução do apetite. Uma escolha popular entre atletas e pessoas que buscam perder peso de forma saudável.

### 7. **Suplementos de Fécula de Yuca**
A fécula de yuca, também conhecida como yuca, pode ajudar na sensação de saciedade e reduzir o apetite. É uma ótima opção para quem busca um suplemento natural com benefícios adicionais para a saúde intestinal.

### 8. **Chave de Feno-grego (Fenugreek)**
O fenogrego é conhecido por suas propriedades que ajudam a regular o nível de açúcar no sangue e a aumentar a testosterona, o que pode ser benéfico para a perda de peso. Encontrado em forma de capsulas ou pó, é importante seguir as instruções de dosagem para maximizar os benefícios.

### 9. **Glucomanano**
O glucomanano é um fibras solúvel que pode ajudar a reduzir o apetite e melhorar a saúde intestinal. Uma opção natural e segura para quem busca perder peso de forma sustentável.

### 10. **Acetato de L-Carnitina**
A L-Carnitina é um aminoácido que pode ajudar a transportar gorduras para as mitocôndrias, onde são queimadas para produzir energia. Uma escolha popular entre atletas e pessoas que buscam uma perda de peso saudável e eficaz.

**Chamada para Ação (CTA):**
Agora que você conhece os 10 melhores suplementos naturais para perda de peso rápida e segura, é hora de começar sua jornada para um corpo mais saudável e vital. Visite a Amazon Brasil ou o Mercado Livre hoje mesmo e explore as ofertas disponíveis para esses suplementos. Lembre-se de sempre ler as avaliações e escolher marcas confiáveis para garantir a qualidade e eficácia dos produtos. Com a combinação certa de nutrição, exercícios e suplementos naturais, você estará no caminho para alcançar seu peso ideal e desfrutar de uma vida mais saudável e plena. **Clique aqui para encontrar os melhores suplementos naturais para perda de peso na Amazon Brasil e no Mercado Livre!**",Gerado Autonomamente
