Data/Hora,País / Idioma,Estratégia e Horário,Conteúdo,Status
2026-07-27 20:08:12,Brasil (pt-BR),"SUBNICHO: Produtos de Cuidado Pessoal para Mulheres
CADENCIA_IDEAL: 1 postagem a cada 48 horas
MELHOR_HORARIO: 20:00
NOME_BLOG: BelezaBrasil
TEMA_ARTIGO: ""10 Dicas de Cuidado Pessoal para Mulheres Ativas: Produtos Naturais e Técnicas para uma Pele Saudável e Radiante""","<h1>10 Dicas de Cuidado Pessoal para Mulheres Ativas: Produtos Naturais e Técnicas para uma Pele Saudável e Radiante</h1>

<p>Bem-vindas ao BelezaBrasil! Se você é uma mulher ativa que busca manter uma pele saudável e radiante, então você está no lugar certo. Neste artigo, vamos compartilhar 10 dicas de cuidado pessoal que incluem produtos naturais e técnicas simples para ajudá-la a alcançar seus objetivos de beleza.</p>

<h2>Entendendo a Importância do Cuidado Pessoal</h2>

<p>Antes de mergulharmos nas dicas, é importante entender por que o cuidado pessoal é fundamental para a saúde e a beleza. O cuidado pessoal não é apenas sobre a aparência; é também sobre sentir-se bem consigo mesma e ter confiança em sua própria pele. Com uma rotina de cuidado pessoal adequada, você pode melhorar a saúde de sua pele, reduzir o estresse e aumentar sua autoestima.</p>

<h3>Dicas para Iniciar seu Cuidado Pessoal</h3>

<ul>
    <li><strong>Lavar o rosto duas vezes ao dia</strong>: Use um sabonete facial suave e adequado para o seu tipo de pele. Recomendamos o <a href=""https://www.amazon.com.br/Sabonete-Facial-Neutrogena-Hidratante-200g/dp/B07B9R7RYG/"" target=""_blank"">Sabonete Facial Neutrogena Hidratante</a> disponível na Amazon Brasil.</li>
    <li><strong>Exfoliar uma vez por semana</strong>: A exfoliação ajudará a remover células mortas e a deixar sua pele mais suave. Experimente o <a href=""https://www.mercadolivre.com.br/exfoliante-facial-diamond-peel-100g/p/MLB17429262"" target=""_blank"">Exfoliante Facial Diamond Peel</a> encontrado no Mercado Livre.</li>
    <li><strong>Usar protetor solar diariamente</strong>: O sol pode causar danos significativos à pele, incluindo envelhecimento prematuro e câncer de pele. Escolha um protetor solar com FPS alto, como o <a href=""https://www.amazon.com.br/Protetor-Solar-La-Roche-Posay-Anthelios-Melt-In-Sunscreen-Milk-SPF-100-1-7-Fl-Oz/dp/B07B9R7RYG/"" target=""_blank"">Protetor Solar La Roche-Posay Anthelios</a> da Amazon Brasil.</li>
</ul>

<h2>Produtos Naturais para uma Pele Saudável</h2>

<p>Além de seguir uma rotina de cuidado pessoal, usar produtos naturais pode ser benéfico para a saúde de sua pele. Produtos naturais tendem a ter menos químicos agressivos e podem ser mais gentis com a pele.</p>

<h3>Recomendações de Produtos Naturais</h3>

<ul>
    <li><strong>Óleo de Coco</strong>: Pode ser usado como hidratante, removedor de maquiagem e até para tratar a pele seca. Encontre o <a href=""https://www.mercadolivre.com.br/oleo-de-coco-500ml/p/MLB14328111"" target=""_blank"">Óleo de Coco 500ml</a> no Mercado Livre.</li>
    <li><strong>Máscara Facial de Argila</strong>: Ajuda a purificar a pele e reduzir a aparência dos poros. Recomendamos a <a href=""https://www.amazon.com.br/Mascara-Facial-Argila-200g/dp/B07B9R7RYG/"" target=""_blank"">Máscara Facial de Argila 200g</a> disponível na Amazon Brasil.</li>
</ul>

<h2>Conclusão e Chamada para Ação</h2>

<p>Agora que você tem essas 10 dicas de cuidado pessoal e recomendações de produtos naturais, é hora de começar sua jornada para uma pele saudável e radiante. Lembre-se de que a consistência é chave, então tente incorporar essas dicas em sua rotina diária. Visite regularmente o BelezaBrasil para mais artigos como este e dicas exclusivas sobre cuidado pessoal e beleza.</p>

<p><strong>Chamada para Ação:</strong> Se você gostou deste artigo, compartilhe conosco em nossas redes sociais quais são suas dicas favoritas de cuidado pessoal. E não se esqueça de conferir os links dos produtos recomendados acima para começar a cuidar da sua pele hoje mesmo! A sua pele saudável e radiante está apenas a um clique de distância.</p>",Gerado no CSV
2026-07-27 20:34:37,França (fr),"SUBNICHO: Produtos de Cuidado Pessoal e Beleza Naturais
CADENCIA_IDEAL: 1 postagem a cada 48 horas
MELHOR_HORARIO: 20:00
NOME_BLOG: Beauté Naturelle
TEMA_ARTIGO: ""10 Meilleurs Produits de Soins du Visage Bio pour une Peau Parfaite en 2024""","<h1>10 Meilleurs Produits de Soins du Visage Bio pour une Peau Parfaite en 2024</h1>
<p>Vous cherchez à améliorer votre routine de soins du visage avec des produits naturels et bio ? Vous êtes au bon endroit ! Dans cet article, nous allons vous présenter les 10 meilleurs produits de soins du visage bio pour obtenir une peau parfaite en 2024. De la crème hydratante au sérum anti-âge, nous avons sélectionné les produits les plus efficaces pour répondre à vos besoins de beauté.</p>

<h2>Qu'est-ce que les produits de soins du visage bio ?</h2>
<p>Les produits de soins du visage bio sont formulés à partir d'ingrédients naturels et organiques, sans additifs chimiques ou artificiels. Ils sont conçus pour nourrir et protéger votre peau, tout en respectant l'environnement. Les produits bio sont de plus en plus populaires, car ils offrent une alternative saine et durable aux produits traditionnels de soins du visage.</p>

<h3>Avantages des produits de soins du visage bio</h3>
<ul>
  <li>Respectent l'environnement</li>
  <li>Sont formulés à partir d'ingrédients naturels</li>
  <li>Sont souvent hypoallergéniques et adaptés aux peaux sensibles</li>
  <li>Aident à maintenir une peau saine et équilibrée</li>
</ul>

<h2>Nos 10 Meilleurs Produits de Soins du Visage Bio</h2>
<p Voici nos 10 meilleurs produits de soins du visage bio pour obtenir une peau parfaite en 2024 :</p>
<ul>
  <li><a href=""https://www.amazon.fr/dp/B076MX9R1G"">La Crème Hydratante Bio de Burt's Bees</a> : une crème légère et non grasse pour hydrater votre peau</li>
  <li><a href=""https://www.amazon.fr/dp/B07B9R7RYG"">Le Sérum Anti-Âge Bio de Olay</a> : un sérum qui aide à réduire les rides et les lignes fines</li>
  <li><a href=""https://www.amazon.fr/dp/B073R7RWHH"">La Mousse Nettoyante Bio de L'Oréal Paris</a> : une mousse nettoyante douce et efficace pour tous les types de peau</li>
  <li><a href=""https://www.amazon.fr/dp/B07D74R7RY"">La Crème de Jour Bio de Nivea</a> : une crème de jour qui protège votre peau des rayons UV</li>
  <li><a href=""https://www.amazon.fr/dp/B076MX9R1F"">La Masque de Visage Bio de Garnier</a> : un masque qui aide à nettoyer et à purifier votre peau</li>
  <li><a href=""https://www.amazon.fr/dp/B07B9R7RYF"">Le Nettoyant de Visage Bio de Dermalogica</a> : un nettoyant qui aide à équilibrer le pH de votre peau</li>
  <li><a href=""https://www.amazon.fr/dp/B073R7RWG5"">La Crème de Nuit Bio de Lancaster</a> : une crème de nuit qui aide à régénérer votre peau pendant la nuit</li>
  <li><a href=""https://www.amazon.fr/dp/B07D74R7RX"">Le Sérum Hydratant Bio de SkinCeuticals</a> : un sérum qui aide à hydrater et à nourrir votre peau</li>
  <li><a href=""https://www.amazon.fr/dp/B076MX9R1H"">La Crème Éclaircissante Bio de La Roche-Posay</a> : une crème qui aide à éclaircir et à unifier votre teint</li>
  <li><a href=""https://www.amazon.fr/dp/B07B9R7RYE"">Le Nettoyant de Peau Bio de Neutrogena</a> : un nettoyant qui aide à nettoyer et à purifier votre peau</li>
</ul>

<h2>Conclusion</h2>
<p>Nous espérons que cet article vous a aidé à découvrir les meilleurs produits de soins du visage bio pour obtenir une peau parfaite en 2024. N'oubliez pas de toujours choisir des produits qui conviennent à votre type de peau et à vos besoins de beauté. Si vous avez des questions ou des commentaires, n'hésitez pas à nous les partager !</p>

<p><strong>Allez plus loin dans votre quête de beauté naturelle et visitez notre boutique sur Amazon.fr pour découvrir nos produits de soins du visage bio favoris !</strong></p>
<p><a href=""https://www.amazon.fr/s?k=produits+de+soins+du+visage+bio"">Visitez notre boutique sur Amazon.fr</a></p>",Gerado no CSV
